bar,start_seconds,chord
0,0,G
1,0.75,Bm
2,3.75,C
3,6.75,Bm
4,9.75,C
5,12.75,Gsus4
6,15.75,G
7,18.75,Cm
8,21.75,G
9,24.75,Cm
10,27.75,G
11,30.75,Cm
12,33.75,Bm
13,36.75,Cm
14,39.75,G
15,42.75,C
16,45.75,G
17,48.75,Cm
18,51.75,G
19,54.75,C
20,57.75,G
21,60.75,C
22,63.75,Am
23,66.75,D
24,69.75,D
25,72.75,Em
26,75.75,Am
27,78.75,Cm
28,81.75,G
29,84.75,C
30,87.75,G
31,90.75,Cm
32,93.75,G
33,96.75,Cmaj7
34,99.75,G
35,102.75,C
36,105.75,G
37,108.75,Cmaj7
38,111.75,G
39,114.75,B7
40,117.75,Cm
41,120.75,C
42,123.75,G
43,126.75,Cmaj7
44,129.75,G
45,132.75,Cmaj7
46,135.75,G
47,138.75,B7
48,141.75,G
49,144.75,C
50,147.75,G
51,150.75,Cmaj7
52,153.75,Am7
53,156.75,D
54,159.75,Dsus4
55,162.75,Em7
56,165.75,Am
57,168.75,Am
58,171.75,Cm
59,174.75,G
60,177.75,C
61,180.75,B
62,183.75,C
63,186.75,G
64,189.75,C
65,192.75,G
66,195.75,Am7
67,198.75,Bm
68,201.75,Bm
69,204.75,N.C.
